LotArea,GrLivArea,FullBath,HalfBath,BedroomAbvGr,Predicted-Sale-Price
11622,896,1,0,2,123145.82965165522
14267,1329,1,1,3,146315.2719147032
13830,1629,2,1,3,208758.5762721196
9978,1604,2,1,3,203346.19436740634
5005,1280,2,0,2,189116.89647207636
10000,1655,2,1,3,208380.9850928157
7980,1187,2,0,3,155072.54882047346
8402,1465,2,1,3,188461.85567738814
10176,1341,1,1,2,171534.5400545505
8400,882,1,0,2,119298.6499034761
5858,1337,2,0,2,195379.00508611117
1680,987,1,1,2,130191.91383875013
1680,1092,1,1,3,113348.55100220554
2280,1456,2,1,3,182883.73776240603
2280,836,1,0,2,110081.60787817455
12858,2334,2,1,3,277378.991361654
12883,1544,2,0,3,193956.26090554334
11520,1698,2,0,3,208063.67470107082
14122,1822,2,0,3,222258.59618939477
14300,2696,2,1,3,314101.75068715564
13650,2250,2,1,3,269721.249173482
7132,1370,2,0,2,199602.43866953993
18494,1324,2,0,3,176611.21197957933
3203,1145,2,0,2,174452.88845583552
13300,1374,2,1,3,183262.6865863184
8577,1733,2,1,3,214964.71227748343
17433,2475,2,1,4,267584.4984279381
8987,1595,2,0,2,223162.23796453673
9215,1218,2,0,2,186243.69672743118
10440,1468,2,0,2,211780.36027157342
11920,1659,2,1,3,210246.25572394434
9800,1012,1,0,2,133162.56545316768
15410,1494,2,0,3,190973.7061844958
13143,2349,2,1,4,251898.9191222084
11134,2225,2,1,4,238158.5406882691
4835,1488,2,0,2,209451.86158587155
3515,1680,2,1,2,233044.29723314563
3215,1200,2,1,2,185586.79082973686
2544,1200,2,1,2,185072.45965015498
2544,1236,2,1,2,188614.5260558345
2980,1512,2,1,2,216104.56878894177
2403,1080,2,1,2,173157.49309721278
12853,1418,1,1,1,208336.9755038231
7379,1848,2,1,3,225361.3623470832
8000,1492,2,0,3,185097.0528237703
10456,1829,2,0,4,192962.89958644958
10791,2495,2,1,4,264461.1242828824
18837,1891,3,0,3,265922.72343109176
9600,1645,1,2,4,152368.24487925885
9600,1232,1,1,3,133194.04794176173
9900,1209,1,0,3,125447.80154036473
9680,1510,2,0,3,188155.8302616288
10600,1775,2,0,3,214934.56790832753
13260,1728,2,0,6,130825.96224702938
9724,2461,2,0,3,281759.1444463893
17360,1556,2,0,3,198568.6347908763
11380,1128,1,0,2,145786.9833305931
8267,1604,2,0,4,169147.08447330026
8197,1480,2,0,3,184067.36736372163
8050,1143,1,0,3,117535.96144258045
10725,1206,1,0,3,125785.00374101667
10032,1580,1,1,3,167765.15742852565
8382,1337,1,0,3,136878.2465291547
10950,1064,1,0,2,139160.3751841521
10895,972,1,0,3,102891.87955645294
13587,988,1,0,2,133703.97797915275
7898,985,1,0,2,129048.10521140475
8064,1224,1,0,3,125516.34205731784
7635,1175,1,1,3,126079.57528645266
9760,1395,1,0,2,170815.5558032338
4800,1844,1,0,3,184016.69373661908
4485,936,1,0,2,121610.84553574634
5805,1347,1,0,3,135886.846189278
6900,1251,1,0,3,127280.66907017164
11851,1633,1,0,3,168660.9421849481
8239,1245,1,0,3,127716.68748511201
9656,832,1,0,2,115341.85534748282
9600,1566,2,0,3,193604.39018308173
9000,2268,3,0,3,295475.8275525455
9045,2256,2,0,4,233894.19093261767
10560,1470,1,1,2,184521.2862143349
5830,1612,1,1,3,167692.76728384272
7793,2068,1,1,3,214063.6095732485
5000,765,1,0,2,105180.78503795598
6000,1132,1,0,2,142056.69865479512
6000,1196,1,1,3,126892.52960389927
6360,1453,1,1,3,152454.89330432957
6000,1416,1,1,3,148538.49097194072
6240,1040,1,0,2,133188.7146357597
6240,1536,2,0,4,160902.7898552015
6120,1068,1,0,2,135851.67344243766
8094,1962,1,1,4,176690.52281218983
12900,1560,1,1,3,167995.7061313428
3068,1324,1,0,3,131525.90933609812
15263,1675,2,0,3,208669.7513258203
10632,1224,1,1,3,133197.96496105875
9900,1392,1,0,3,143453.30576923557
6001,919,1,0,3,93925.84908250713
6449,1884,1,1,4,167755.12936976174
6048,1680,2,0,2,229272.66441442282
10773,1832,2,0,4,193501.05685984014
7800,892,1,0,3,92648.25872991337
7832,864,1,0,2,117092.23650689192
7424,1373,1,0,3,139685.9921151033
11227,1440,1,1,4,127732.04962526174
20062,1483,1,1,1,220258.17567494087
9259,756,1,0,2,107559.85337519368
17082,1981,2,1,4,218710.42951994803
18600,1610,2,0,4,177657.82243403763
11479,1074,1,0,3,113375.37879709901
9350,1531,1,0,3,156708.0347904146
9525,1172,1,0,3,121519.90149159169
17485,1508,1,0,1,215029.4224786469
11200,1298,2,0,3,168462.0966884378
11980,1433,1,1,1,209143.66941263518
12361,1802,2,1,3,224654.16347486374
7360,1222,2,0,2,185215.37540189576
14235,1445,2,0,3,185251.90579334451
11105,965,1,0,2,129538.50230450243
9337,1692,2,1,3,211513.24316780927
15240,1026,1,1,3,117248.69820301567
7480,876,1,0,3,90828.72237786179
10389,1978,2,1,3,240459.3661220011
9375,2098,2,1,4,224314.61866025807
4435,848,1,0,1,140088.52512035932
8777,640,1,0,2,95777.06833708409
8842,992,1,0,3,103286.04011050498
10044,1196,1,0,3,124279.10008226775
11792,1120,1,0,2,145315.66140601414
6305,1096,1,0,3,111574.02929581574
6410,960,1,0,3,98273.37355571515
4853,1296,2,0,2,190574.63801524177
7890,856,1,0,2,116349.56847564831
7200,2650,3,0,6,250158.19222072372
9839,1666,1,0,3,170365.60936583427
10452,2133,1,1,4,195322.77925474738
15600,2177,2,1,5,209684.64905234464
19645,1652,2,1,3,215478.844527316
3907,1034,1,0,1,157984.4819329833
3907,1191,2,0,2,179518.48835205287
8154,540,1,0,1,112634.84635393141
9140,1107,1,0,2,142003.78561392173
8712,952,1,0,3,99250.76389553226
3811,1646,2,0,2,224212.68670564407
11050,1916,2,1,3,234865.80668087886
9620,1285,2,0,3,165971.92436059547
12760,2048,3,0,5,222363.1807185644
11896,1346,2,0,3,173718.34593623254
9803,1214,2,0,2,186300.84427572336
9802,1444,2,1,3,187468.77046992403
15300,1264,1,0,2,162172.8596337594
10114,1430,2,0,3,180617.23884305413
11875,1344,2,0,3,173505.46766631262
2394,945,1,0,2,120893.58047322331
1476,1092,1,1,3,113192.18205938184
1900,1092,1,1,3,113517.18417583893
1890,1092,1,1,3,113509.51903158288
6953,874,1,0,3,90227.98780858504
12887,833,1,0,2,117916.85419010816
7700,2432,4,2,4,328128.5280703319
10475,1274,1,1,3,137997.15887079344
10544,1479,2,0,5,131419.20628090898
9892,1803,2,1,3,222860.03009153268
12961,1797,2,1,3,224622.11846277205
13008,882,1,0,2,122830.74837667031
10200,1434,2,0,4,153902.33216451085
10179,1608,2,1,3,203893.82670091762
11792,2283,2,1,4,244369.56972280177
8400,1628,2,1,3,204498.01220758582
7296,2522,2,0,1,340248.66187019355
7380,1478,2,0,2,210418.73346412883
8013,1734,2,0,2,236091.96486925866
8923,1382,2,1,3,180694.778813368
7500,1636,2,1,3,204595.2750924689
8803,1516,2,1,3,193787.15537010232
7250,1190,2,0,3,154808.16549025406
11900,1934,2,1,3,237288.37714548406
13250,2050,2,1,4,222562.1068519101
10928,1671,2,0,3,204953.34835685222
12388,2673,2,1,4,283198.79838199116
11088,1707,2,0,3,208618.05707062877
7000,1884,2,1,3,228612.91978545787
7500,1874,2,1,3,228012.26966335016
8470,1811,2,1,3,222557.1724462491
9373,1621,2,0,3,198841.88175047946
10140,1116,2,0,3,149742.47790191532
11050,1193,2,0,3,158016.09250803164
7830,1180,1,1,2,153895.3891200112
8510,1050,1,1,3,114451.43372247105
7038,864,1,0,3,89309.23419985059
9000,864,1,0,3,90813.13550289032
1680,987,1,1,2,130191.91383875013
1680,987,1,1,2,130191.91383875013
2308,1548,2,1,3,191957.14764750397
2280,1055,2,0,2,164890.22962680203
2349,1456,2,1,3,182936.62725777284
2364,1548,2,1,3,192000.07245533794
2364,1456,2,1,3,182948.12497415693
2104,836,1,0,2,109946.7013392678
10710,1120,1,0,3,117311.90294439819
14257,2772,3,1,4,327633.1475731453
12350,2690,2,1,3,312016.7031562766
12350,2020,2,0,3,240381.69785845757
13693,2674,2,1,2,338646.2701471182
11578,1736,2,0,3,211846.98041041772
16870,1782,2,0,3,220429.3484913172
23303,2520,2,1,5,249337.13126023702
10367,1743,2,0,3,211607.46657544607
10872,1531,2,0,2,218310.11071337448
13514,1808,2,0,3,220415.0851497507
12878,1760,2,0,3,215204.82676749237
15274,2452,2,0,3,285127.7829070848
13262,2400,3,1,4,290269.11286097864
9658,1606,2,0,3,197584.4773594108
6904,1358,2,0,2,198246.9845786085
5122,1306,2,0,1,218939.1275837507
10307,1358,2,0,2,200855.43316894703
14836,2492,2,1,2,321615.28264020657
15262,2200,2,1,3,266037.3337530046
7390,1884,2,0,2,250373.0364057705
6472,1456,2,0,2,207558.14222887412
16770,1712,2,0,3,213465.34570437972
3480,1405,2,0,2,200246.80365941385
10928,1456,2,1,3,189512.55451505005
8918,1490,2,1,3,191317.14545827848
3182,1220,2,0,2,181816.09666473008
9434,1374,2,1,3,180299.34181692408
7984,1630,2,1,3,204375.9236735158
10125,1594,2,1,3,202474.96465305952
8965,1489,2,1,3,191254.78090279087
8174,1342,2,1,3,176185.03016894488
12891,2004,2,1,4,217760.95443252695
9734,1374,2,1,3,180529.296144606
8433,1514,2,1,3,193306.76356564573
7750,1430,2,1,3,184518.41259970434
15896,2312,2,1,4,250368.67619673215
7848,1430,2,1,3,184593.5310134138
12720,2687,2,1,4,284830.75144016783
10750,2063,2,0,3,243386.07631760454
9085,2061,2,1,3,247626.26219077143
11692,2232,2,1,3,266449.380725305
11194,1696,2,0,3,207617.009531341
10206,1658,2,1,3,208834.0592649639
10130,1702,2,0,3,207391.78258344237
9139,1432,2,0,3,180066.66874507014
11128,2490,2,0,2,312863.0518242922
7993,1436,2,0,3,179581.8061472896
8640,1402,2,0,3,176732.4560419596
12606,1530,2,0,3,192366.46614077504
7500,1448,2,0,2,207558.99319046864
10603,1795,2,1,3,222617.89598020999
8125,1836,2,0,3,219039.27944790872
10625,1662,2,0,3,203835.57788447363
8736,1553,2,0,3,191663.04218397356
8127,1653,2,1,3,206748.5221066727
9605,1218,1,1,3,131820.4102450144
7500,1141,1,1,3,122630.81090029844
7500,1158,1,1,3,124303.4533696471
10628,1812,2,1,3,224309.7013101988
10141,1512,2,0,3,188705.97487881553
13072,1114,1,1,3,124245.2794755176
13072,1114,1,1,3,124245.2794755176
12450,1114,2,0,3,151316.34475808387
7328,1450,2,0,2,207623.93417624658
11492,2122,2,1,4,228298.7073030531
7703,1730,2,1,3,213999.60646903014
7175,1332,2,0,2,195896.5509171793
9109,1540,2,1,3,196383.0863881242
10274,1400,2,1,3,183501.37300520195
8250,1882,2,0,4,196486.67763859007
9750,980,1,0,3,102801.34640706239
8499,864,1,0,3,90429.11177566151
9079,864,1,0,2,118048.07999562305
9316,1020,2,0,3,139665.35960007028
7791,912,1,0,3,94609.17476990489
7150,912,1,0,3,94117.83902309119
15676,2014,2,0,2,269515.17029018764
11949,1755,2,1,3,219713.9950574323
2880,3005,2,1,3,335750.8925954799
3830,1726,2,1,2,237811.72301780205
4217,1256,1,1,1,185778.0580987286
2998,1512,2,1,2,216118.36604860268
3768,1452,2,1,3,183630.7482937439
14694,1694,2,0,2,237277.41840709097
15417,1740,1,1,2,214809.74482210146
9600,2499,2,1,4,263941.76853594964
12732,2067,2,1,3,251012.08470190453
10400,2640,2,1,5,251253.6836455696
9600,1336,2,0,3,170974.52148012936
9000,1216,1,0,3,125446.67369175664
13774,2288,1,2,4,218832.91772651565
7130,864,1,0,2,116554.1433801162
9600,1568,1,1,3,166253.3343947705
9600,2061,2,1,4,220846.62726684893
16500,1320,2,0,3,174689.2192809558
7436,894,1,0,2,119740.41879908468
8125,864,1,0,3,90142.43538048473
9450,1362,1,0,3,140156.65227297973
13495,1728,2,0,3,212529.26269637642
9350,1313,1,1,3,140972.06874813902
10500,1292,1,1,3,139787.35493427332
8970,2140,2,1,4,228136.5911245136
11475,1576,1,0,4,135590.0710988177
9768,960,1,0,2,128021.71885001124
9900,1691,1,0,2,200046.52493618353
10573,1453,2,0,3,183232.0558347027
14695,1567,2,0,2,224782.5617681472
8760,1144,1,0,3,118178.5774182521
12285,1329,1,1,3,144796.04032315133
9240,988,2,0,3,136458.6010320091
8750,1202,1,0,3,123877.57481647967
8750,1382,1,0,3,141587.90684487723
10400,1200,1,0,3,124945.54215174801
9482,1866,2,0,4,195856.77167507957
8128,1062,1,0,3,109626.10015499886
13070,1112,1,0,2,145508.14097401028
8480,793,1,0,2,110603.19577681694
7626,1031,1,0,2,133365.58702823028
9533,1210,1,1,2,158152.48519155182
11419,1527,1,1,3,163613.6040618135
9600,1200,1,0,3,124332.33061126289
5470,792,1,0,2,108197.5966222506
10800,1352,2,0,4,146294.20067360468
8146,1039,1,0,2,134551.30039747435
10230,1078,1,0,3,112811.56521348104
10410,2377,2,0,3,274020.15172910306
7200,1690,2,0,4,176790.81666141262
5400,599,1,0,2,89154.52904867634
10800,846,1,0,2,117596.21811925188
10800,725,1,1,1,138578.54307872267
9671,2544,2,2,6,219788.20821983102
10143,1380,1,1,3,148172.09383154844
11500,1040,1,0,3,110046.19066133944
8010,951,1,0,2,125788.66988837533
10454,1105,1,0,3,115639.81424907649
9000,1142,1,0,2,145340.14926652526
8064,1133,1,0,3,116562.78530962797
7350,1041,1,0,3,106963.54652856404
7200,732,1,0,2,103620.2225690838
8000,1183,1,0,3,121433.26506094402
10800,1461,2,0,4,157018.7906241343
8064,1495,1,0,3,152180.23083340525
7570,1806,1,1,4,160939.91482856093
8604,941,1,0,2,125260.07212227453
7936,1045,1,0,3,107806.28691593377
4080,1378,1,0,3,137614.72154333102
10307,1944,2,0,4,204163.62328851048
15660,1306,1,1,3,145120.03963927765
9900,1464,2,0,3,183798.4896946717
6406,1558,1,1,3,162821.17998447272
7627,1701,2,0,4,178200.41638954866
10134,1447,1,0,3,149044.1604868378
6000,1328,1,1,3,139880.10642472413
7404,861,1,0,2,116468.99613225907
5925,612,1,0,1,118010.41851061379
8520,792,1,0,2,110535.46562035006
9600,1510,2,0,3,188094.5091075803
8400,2007,2,0,3,236074.8863419281
3600,1288,1,0,3,128391.62860484119
3300,816,1,0,2,108895.63792247108
5400,1480,1,0,3,148662.37540122343
9720,1521,1,0,4,128833.34793986814
9392,797,1,0,2,111695.81986693433
6615,1432,1,0,3,144870.93522076248
4960,1654,2,0,3,198706.1477954847
6000,1142,1,0,3,115866.21613659627
6120,995,1,0,2,128669.14989758756
6120,1582,2,0,3,192511.17171782913
8635,1072,1,0,2,138173.02015680211
8094,1768,2,0,3,212324.94762332027
9928,1944,2,0,3,231047.50417431552
3000,2128,2,0,4,216666.5973429666
6876,1930,2,0,4,200156.2420253796
5775,1427,1,0,3,143735.10943579764
5852,1864,2,1,6,144241.97699571028
5160,1666,1,0,3,166779.08836842203
5160,892,1,0,1,144973.44035253223
10320,1403,1,1,3,150570.75375517603
4280,704,1,0,2,98627.05990856244
10800,1200,3,0,3,191774.25015014483
10547,1152,2,0,2,180770.9055319265
9780,1112,2,0,4,121898.57992162276
11625,1052,1,1,3,117035.9076252171
8014,1034,1,0,3,106783.776972729
15400,1774,2,0,4,191341.05656463717
15312,1138,1,0,3,122610.43553387852
15584,2071,1,1,4,193156.30581051126
9000,660,1,0,2,97915.81572381628
15635,1383,1,0,2,174138.13925177814
9571,1073,1,0,2,138988.86839266078
9350,1639,1,1,3,173047.44786623682
7440,1089,1,0,3,111755.2880344413
4235,1049,2,0,2,165798.42092791593
10778,1061,1,1,1,171620.96621436803
19255,1338,1,1,2,178198.55232415753
10560,1879,2,1,3,230849.75747316112
26400,2016,1,0,4,190322.22163707583
7018,2228,2,0,6,175236.7459479431
7018,1535,2,0,4,161400.7473448322
7040,1229,0,2,2,130563.15140955252
7007,1513,2,0,4,159227.71954934634
11855,2787,4,2,6,311893.3261918464
7939,2787,4,2,6,308891.65570117184
7976,2787,4,2,6,308920.0167349193
10933,1680,1,1,1,232643.6399813264
10816,1720,2,0,3,209688.64468224812
9178,1468,2,0,3,183638.6292133483
11422,1838,2,0,3,221763.2589761151
6762,1290,2,0,2,191447.56965277778
10324,1254,2,0,2,190635.8276311082
11645,1498,2,0,3,188481.34230605216
11646,1422,2,1,3,186717.62693393807
16698,1759,2,1,3,223747.73499860143
9757,990,1,0,3,103790.61934295263
14753,1463,2,0,3,187419.9934686484
8750,1772,2,1,3,218934.5578792661
10739,1444,2,0,3,182473.7806279335
11166,1492,2,0,3,187523.83749524015
16269,907,1,0,3,100615.7304027403
6950,914,1,0,2,121335.70745806194
11664,1611,2,0,3,199614.0589646327
12334,2184,2,1,4,235044.33792586176
8749,1725,2,1,3,214309.4268907589
11250,1870,2,1,3,230493.1358254096
15750,1513,2,0,2,220278.13487864268
12782,1828,2,0,3,221821.8112600288
8750,1417,2,0,3,178292.63363114276
10200,1602,2,0,3,197606.36524412507
11069,1396,2,1,3,183717.18903959467
10682,1149,1,0,3,120143.77181172305
3675,1072,1,0,2,134371.10860579443
6410,876,1,0,3,90008.55194246296
11767,1368,1,0,3,142523.0105980563
10926,1678,2,0,6,124117.3809031092
11767,1560,1,0,2,188588.4212814569
8212,1298,1,0,3,132910.7004706488
6300,1268,1,1,3,134206.61674294018
5707,1242,1,1,3,131193.91461778706
8574,1232,1,0,3,126694.3902823059
7155,1228,1,0,3,125213.14337840606
13680,1567,1,1,2,196456.7123708633
14680,1273,1,0,2,162583.1372913033
8145,2480,2,1,5,233782.67625725162
9100,1112,1,0,2,142465.07870435296
13339,1561,2,0,3,195978.4339529685
15600,1523,2,0,3,193972.67519660285
17500,1906,1,1,3,205564.86627705191
1733,1032,1,0,2,128946.90825162294
1488,1229,1,1,2,153855.30057387933
1612,1229,1,1,2,153950.3483626545
13607,1982,2,1,3,243319.57247756684
17597,2365,2,0,3,278348.4021040429
8660,2168,2,0,5,197766.30847843274
10200,572,1,0,2,90177.24848732735
3843,1648,2,0,2,224433.99663424568
21780,810,1,0,1,149644.8699598403
10125,2052,2,1,3,247537.9205919822
9750,926,1,0,2,124662.63665165297
9360,1287,1,1,2,165595.9646747364
11070,1595,2,0,2,224758.88751307482
13438,2036,2,0,3,242789.91728937492
14463,1641,2,0,3,204711.25484663792
9839,2237,2,1,3,265520.9831621118
14419,1479,2,1,3,194451.4432451371
9157,2014,2,1,3,243057.0867553335
12633,1978,2,0,2,263640.60048738786
12518,1008,1,0,3,107677.99887489161
13383,1404,2,0,3,180564.81542959288
7689,796,1,0,2,110292.05506663556
7706,1091,1,0,2,139330.35219174463
7669,883,1,0,2,118836.71859184893
10429,1287,1,1,3,139240.9787425998
10457,1632,1,1,4,146032.8543478356
8702,1604,2,1,3,202368.1219603326
8139,1470,2,1,3,188752.21605090916
9535,1604,2,1,3,203006.62847686274
15038,1636,2,1,3,210373.26083268976
14137,1384,2,0,3,179174.95263667815
6264,1682,1,1,1,229261.56559515247
5070,1280,2,0,2,189166.7199097408
11184,1633,2,1,3,207123.9420359295
14067,1709,2,1,3,216811.49887027612
5950,1337,2,0,2,195449.52441326698
13543,2500,3,1,5,273149.18691057403
15401,1884,2,0,2,256513.58346930324
31220,1474,1,0,3,167863.4334694336
8118,1710,2,0,2,233811.07128016098
47280,1488,2,1,3,220525.3903864084
12680,1688,2,0,2,235143.3139529731
10825,1260,2,0,3,164435.80590617374
18559,2064,2,0,3,249470.17820065588
14450,1782,2,0,3,218574.38358134974
13068,1211,2,0,3,161333.95182174505
10400,2044,2,1,3,246961.58619109518
9743,1308,1,1,3,140781.35524994685
12511,2840,2,1,4,299724.33214935404
10400,1444,2,0,2,209388.32209076278
14311,2340,2,1,4,251908.6913698968
9000,1792,2,2,4,199632.82516116352
10295,936,1,0,2,126064.29434851944
7560,864,1,0,3,89709.35473001712
1680,987,1,1,2,130191.91383875013
1890,987,1,1,2,130352.88186812749
1680,1302,2,1,3,167271.65614941315
2308,1456,2,1,4,155730.81031321315
2529,1055,2,0,2,165081.09171877804
12704,1582,2,0,3,197557.90269602154
13693,2464,2,1,4,263635.4364077681
14418,1950,2,0,2,262253.88819934457
13418,2748,2,1,4,291367.6132521981
12539,2790,2,1,4,294826.2578787161
12151,2331,2,1,3,276541.89346227696
8899,2088,2,1,4,222965.85045875848
10574,2332,2,1,4,248257.1010934769
12720,2470,1,1,1,311742.08071785205
10845,1575,2,0,2,222618.60709749142
16900,2649,2,1,4,284295.93386654084
16451,2690,2,1,4,287985.7889625786
10110,1866,2,0,2,250686.92244058012
12304,1367,2,0,2,203271.67907830287
8232,1800,2,0,2,242753.6199388789
6240,1342,2,0,2,196163.7672641483
6240,1342,2,0,2,196163.7672641483
2448,1626,2,1,2,226913.32673250427
3940,1455,2,0,2,205518.93696974765
3940,1576,2,0,2,217424.21572217043
3710,1246,2,0,2,184778.9753522188
9024,1515,2,1,3,193858.1643246702
8010,1720,2,1,3,213251.01906278037
8396,1986,2,1,4,212544.43888658646
7301,1358,2,0,2,198551.29080557422
8220,1892,2,1,3,230335.1932526264
7750,1414,2,1,3,182944.1608638468
12460,2322,2,1,4,248718.83996525963
8390,1651,2,1,3,206753.33393362505
9660,2199,2,1,3,261644.92920726657
11000,2172,2,1,4,232841.11888020966
11675,2006,2,0,2,265661.2202054077
10990,2125,2,1,4,228209.08926187197
11929,2501,2,1,4,265923.762100169
10010,2197,2,1,4,234542.03793613677
13253,1578,2,0,3,197585.15618171502
9801,1861,3,0,3,256044.77707657957
9428,1874,2,1,3,229490.10947591925
10037,1460,2,0,3,183509.9392370154
8640,1372,2,0,3,173780.7340372267
10625,1660,2,0,3,203638.79641749145
7500,1218,2,0,2,184929.12448751624
10110,1696,2,1,3,212499.32175276737
12774,1663,2,1,3,211294.4219773766
13072,1175,1,0,3,124533.90035969083
9260,1162,2,0,3,153593.9189479722
8453,1609,2,1,3,202669.2135358121
8480,1680,2,1,3,209675.65150317145
14565,1657,2,1,3,212076.90491269098
8450,1677,2,1,3,209357.48386992994
8285,1737,2,1,3,215134.45299917072
9100,984,1,0,3,102696.67496438265
8100,864,1,0,3,90123.27251984457
8450,890,1,0,3,92949.71163957533
6360,864,1,0,3,88789.53741928947
19508,1430,2,0,3,187817.8753572005
10759,1641,2,0,4,174697.69556108202
9205,2683,2,1,4,281742.890300197
11025,2786,2,1,4,293272.1921043838
3435,1245,2,0,1,211644.18300479575
3180,1200,2,1,2,185559.96282484065
3180,1392,2,0,2,198737.76979634762
2280,1549,2,1,3,192034.07597707806
4765,1638,2,0,2,224156.81559974377
4538,1310,1,1,1,191337.2088378675
4385,1419,1,1,2,174770.13222816953
4109,1557,2,0,2,215684.3327237671
2160,1404,2,1,3,177675.43788979616
10646,1789,2,1,3,222060.51169956452
2645,1586,2,1,3,195954.310881595
2645,1607,2,1,3,198020.51628490808
3951,2393,2,1,2,303531.09050186246
11064,1239,1,1,1,189353.73990150684
24572,2944,2,2,3,352089.5026315603
16280,1671,3,0,3,242316.78467677475
7500,1812,2,1,3,221912.0441869021
11104,1427,2,0,4,153906.52607082133
11050,1740,1,1,4,157113.5966192587
15387,1620,2,0,4,176178.91891947528
9750,1625,2,0,4,172350.03076978758
8814,1464,1,1,4,128243.82792005988
8125,925,1,0,3,96144.27012344166
11072,1728,2,0,6,129148.82868380264
13355,1670,1,1,4,151993.0610259046
7785,1014,1,0,2,131814.82035255304
9900,1114,1,0,3,116100.68185871044
11332,1118,1,0,3,117591.89345014316
4882,906,1,0,2,118963.42975797916
9600,1496,2,0,3,186717.0388387049
9600,1337,1,0,3,137811.86109954328
7584,1036,1,0,3,106650.95723670046
14670,1988,2,1,4,217550.3318598231
8856,1176,1,0,3,121400.6662748254
9840,1440,2,0,2,208565.51107845883
13200,1570,1,0,3,163496.35393515197
10425,1104,1,0,3,115519.19459724281
11556,882,1,0,2,121717.76943068982
9373,1152,1,1,3,125148.79048786129
12774,950,1,0,2,129341.95387847302
14250,1790,2,0,3,219208.2065641573
8838,1764,2,1,4,191040.49542768087
12436,1824,2,0,5,166814.25462858487
10122,869,1,0,1,146513.89806209586
7506,1159,1,0,3,118693.22933090814
5400,672,1,0,2,96337.05259352644
10836,1436,1,0,3,148499.95554521141
10180,1044,1,1,3,115141.16841228711
11355,1312,1,1,3,142410.53943798877
12929,1081,1,0,3,115175.55984866596
7200,876,1,0,2,117788.48819180184
8000,1256,1,1,3,134329.00246457788
8000,1027,1,0,3,106084.31063633281
8064,1320,2,0,3,168222.90358654034
6390,984,1,0,2,127793.8107240992
7200,1278,1,0,4,102992.78334900334
8513,1800,2,0,6,134271.4510800349
7200,1588,1,1,3,166381.51444313716
7200,825,1,0,2,112770.56078375586
7590,1117,1,0,3,114625.20573603296
9836,1133,1,0,3,117921.04887180249
9184,1323,1,0,3,136115.52082961568
4800,1360,1,0,2,163569.96858003773
4800,672,1,0,2,95877.14393816263
6000,1456,1,1,4,125299.73045847478
11426,1594,2,0,3,197758.98606198968
7628,1656,2,0,2,228122.3796030946
7308,1740,1,0,2,202880.86548607555
5400,1027,1,0,2,131265.76298286606
10800,1436,2,0,3,181733.41213996668
6756,899,1,0,2,119711.14265712787
5914,1080,1,0,3,109700.07041954609
9000,1499,1,0,3,153291.25126973723
7311,407,1,0,1,98902.70713882924
12205,1588,2,0,5,143416.9766923708
9142,1627,2,0,4,172080.7714660011
5350,1450,1,0,3,145672.32767521014
9143,1017,1,0,2,133150.91914299977
9600,2350,2,0,4,243568.33538699234
6000,1540,1,1,3,160738.94192483684
11340,1086,1,0,2,141623.91194694274
10800,2495,2,0,5,231580.41920081933
9750,984,1,0,2,130369.29919413665
8516,1093,1,0,2,140148.01034346802
7111,1143,1,0,2,143990.59425004592
7425,1668,1,1,3,174425.23886818634
7010,1738,2,0,3,208542.32398122997
5000,1210,1,0,3,121790.27158838452
5870,1290,1,1,3,136041.6116767336
6000,1672,1,1,3,173726.5187456617
6000,949,1,0,2,124051.19442592429
6000,1497,2,0,3,184055.97764001304
6000,1342,2,0,2,195979.80380200277
5000,1013,1,0,3,102407.29709063833
5520,1216,1,0,3,122779.20349064644
5940,896,1,0,2,118790.49468535974
6240,1136,1,0,2,142634.22505090508
6120,808,1,0,1,137444.47258786217
6240,2009,2,0,4,207441.60679649067
6120,1902,2,0,4,196821.81658187043
9144,1716,2,0,4,180839.07977556
8094,1984,2,0,5,179228.56635117758
4347,1609,1,0,3,160547.64033141144
6291,768,1,0,1,133639.91721499694
10266,1536,1,1,4,136440.9396773994
6876,1969,2,0,4,203993.4806315324
10320,1308,2,0,2,195945.861181925
7200,1040,1,0,2,133924.56848434184
7006,1236,2,0,3,159147.1097109966
10320,759,1,0,1,135842.68723434518
10320,1344,2,0,3,172313.5377344947
9488,1054,1,0,3,109881.43390589475
11235,1075,1,0,3,113286.74001074214
13014,1096,1,0,3,116716.57457720896
10265,992,1,0,3,104376.79013814285
7703,1034,1,0,3,106545.39098636541
9981,1073,1,0,3,112128.74945404955
7400,1126,1,0,2,142539.4744496975
12900,1140,1,0,3,120958.38420629811
9239,960,1,0,3,100441.8428657556
14175,1188,1,0,1,181007.2250127386
10532,1721,2,0,3,209569.345318867
8375,1350,1,1,2,171039.56417545327
10200,904,1,0,3,95668.58215326187
20270,1524,2,0,3,197650.68829767575
5190,1079,1,0,2,136221.1130950258
19550,1518,1,0,2,190421.79224932528
9571,1509,1,0,3,154712.83834166947
9350,864,1,0,2,118255.80540496238
9360,1269,1,1,3,136650.5416187868
9771,2814,2,1,4,295065.923552424
9938,1626,2,1,3,205480.12992718624
14171,2200,2,1,4,238026.6766615582
10541,2037,2,1,3,246380.92959066803
10616,1356,2,1,3,179434.32866515106
9345,1615,2,0,3,198230.07494561592
11778,2276,2,0,3,265131.27938073175
11778,1766,2,1,3,220665.2191590557
11454,1511,2,0,3,189614.0175861456
11500,1643,2,0,2,229811.2439236582
9750,990,1,0,3,103785.25374197339
8696,1418,2,0,3,178349.63258565112
13142,1771,2,1,3,222202.6985030383
8998,1652,2,1,3,207317.76543788478
12192,1823,2,1,3,226590.82794024923
12250,1174,1,0,3,123805.43476835129
9216,1076,1,1,3,117550.75197771766
14330,1558,2,0,2,223617.267401381
10400,2161,2,1,3,258473.30200955362
9720,1947,2,1,3,236896.45523304644
14860,1786,2,0,3,219282.21742981276
10905,2327,2,1,4,248018.86370089717
11690,1764,2,1,3,220400.98442262012
4426,848,1,0,1,140081.62649052887
10126,1838,2,0,2,247944.24613363907
9750,1445,2,0,3,181814.0885944999
11058,1564,2,0,3,194525.18674863366
9627,1361,2,0,3,173454.9857068981
9825,1092,1,0,3,113878.59713998582
12102,1033,1,0,3,109818.8972111168
6500,1127,1,1,3,120486.8262058167
9638,1117,1,0,3,116195.02727967485
7200,1398,1,1,3,147687.2750798286
47007,3820,3,1,5,428675.59385731467
6012,1152,2,0,2,177294.7626118015
6845,1152,2,0,2,177933.26912833165
6931,784,1,0,2,108530.34833013274
12180,1053,1,1,2,144734.1037180296
8050,1137,1,1,4,95484.44104730773
9520,930,1,0,2,124879.90126772791
7692,1204,1,0,3,123263.38402117032
5142,1292,1,1,3,135680.37064187432
7290,1424,2,0,2,205036.64755730497
7804,1920,2,2,4,211310.08779499875
8969,1316,1,0,2,162436.37494678245
15564,1264,1,0,3,135200.82958900963
7609,1512,2,0,3,186765.1603531802
9650,1603,1,0,4,136847.73207634568
11700,1938,2,0,4,204641.03348243356
9260,1374,1,0,3,141191.70333400773
7801,1091,1,0,2,139403.17106217722
9670,1873,1,1,4,169141.7742662378
12392,2161,2,1,3,260000.1987453615
26073,1898,2,1,3,244610.11969392374
1879,1032,1,0,2,129058.8193577615
7000,919,1,0,2,121865.98684679778
6000,1090,1,0,3,110749.8979950592
8155,1200,1,0,4,96050.32741315183
6000,1656,1,1,3,172152.2670098041
7392,912,1,0,2,121477.72536719778
9000,1955,2,0,4,204244.08700264498
14584,733,1,0,2,109378.55582125242
5280,1361,1,0,2,164036.28623781985
5150,1049,1,0,2,133238.73051326865
9000,864,1,1,3,96526.34936167402
3843,1648,2,0,2,224433.99663424568
3811,1646,2,0,2,224212.68670564407
23730,2032,3,0,3,283546.37193782855
11050,1820,2,1,3,225420.29626573346
10260,1872,2,2,4,208469.89201671537
9990,1689,2,0,3,206005.3910284732
4084,1501,2,0,2,210155.28878762544
11563,1537,2,0,3,192255.72672930526
12852,1780,2,1,3,222865.92592103235
9802,1442,2,1,3,187271.98900294185
12018,1612,2,1,3,205697.00966357216
12890,1495,2,0,3,189140.48056545883
18265,1256,2,0,3,169745.11029872083
11202,1440,2,0,3,182435.11387302488
7915,1675,2,0,3,203037.4033264646
11449,1728,2,0,3,210960.97418158577
11447,1964,2,1,3,239892.86811541725
8940,1344,2,0,2,198430.13768026774
9278,1092,1,0,2,140633.70360228897
4500,1189,2,0,2,179776.24993945527
14137,1200,1,0,3,127810.00656023905
4224,1040,1,0,3,104469.03170062738
2665,1475,2,0,4,152160.66604070176
1974,988,1,0,2,124802.44595458581
1596,988,1,0,1,151687.09335481643
17979,1160,1,0,3,126819.32564377486
1477,1092,2,1,3,146453.99968788459
6490,816,1,0,2,111340.81894015547
6600,845,1,0,3,87104.07694510414
12395,889,1,0,3,95875.22031510143
56600,1836,2,0,4,229021.67637606824
10667,1587,2,0,3,196488.46647851678
8872,1384,2,1,3,180852.46804464428
10147,1694,2,1,3,212330.9013195326
8637,1714,2,1,3,213141.27920668898
7875,1553,2,1,3,196716.28712231014
7500,2299,3,1,5,248740.60280492404
9556,1187,2,0,3,156280.57555522912
7655,1642,2,1,3,205304.42922938446
18160,1128,1,0,3,123809.56128309453
4740,1179,2,0,2,178976.30606668984
5118,1321,1,0,1,187150.87141433757
12328,2541,3,1,4,303426.28180970706
51974,2338,2,1,4,280581.1427145278
41600,1424,1,1,3,176613.53039145668
8035,1612,2,0,2,224105.1587007081
14082,2234,1,1,1,289565.86026162887
13870,2042,2,0,3,243711.3959221834
10960,1284,2,0,3,166900.66295741693
12090,1479,2,1,3,192666.23114789987
12299,1664,2,0,3,205315.50449992093
11339,1930,2,1,4,209290.40976564458
11850,1177,2,0,3,157055.05231265916
10400,1353,2,0,2,200434.7653430729
13001,1220,2,0,2,189342.50180975915
8991,1324,2,0,3,169327.02539304187
8000,1877,2,1,4,201516.30922351673
9457,1422,1,0,3,146065.46188342484
7920,914,1,0,3,94904.83659779029
17199,914,1,0,2,129191.71380610175
4113,1337,2,0,2,194041.43741342804
10943,1337,2,0,2,199276.73094031966
2205,1092,1,1,3,113750.9710756489
2058,1218,1,1,4,98861.1360218532
2304,1055,2,0,2,164908.6259730166
7150,988,1,0,3,101595.5347684146
12469,1816,2,0,3,220401.2034429208
11825,1694,2,0,3,207903.8986669164
14333,2122,2,1,2,284825.1544924205
13641,2656,2,1,3,309660.9883410371
13440,2550,2,1,4,271903.1113383241
15431,2046,2,1,2,278189.09158641286
13891,2552,2,0,3,293906.7668055809
13654,2758,2,1,4,292532.41799155215
17169,2290,2,1,2,303528.6326299446
16659,2152,2,1,3,262385.39919800404
9709,2100,2,1,3,251941.80579850267
13615,1802,2,1,3,225615.37256457415
13069,2956,2,1,5,284390.9824306999
14277,2385,2,1,3,283484.60273963545
12568,1818,2,1,3,226387.08369682173
9926,1614,2,0,3,198577.02909340206
9254,1721,2,0,3,208589.73988294203
10732,1828,2,1,3,225963.67054631945
3901,1302,1,1,1,190061.81328082742
3903,1302,1,1,1,190063.34630967866
6289,1362,2,0,2,198169.14114082497
4590,1554,2,0,2,215757.8539620104
7841,1577,2,0,2,220512.77922995202
6240,1324,2,0,2,194392.73406130853
3242,1405,2,0,2,200064.3732261195
15810,1496,3,0,3,224738.1445357977
10237,1536,2,1,3,196854.15172624378
13204,1458,2,0,3,185740.70895592863
8857,1495,2,1,3,191762.341745772
9729,1746,2,1,3,217126.81643116625
12216,1326,2,0,3,171995.81588260466
8229,1504,2,1,3,192166.4872879111
7713,1456,2,1,3,187048.21063672547
7697,1258,2,0,3,161841.36731589478
3621,1589,2,0,2,218458.77715578626
3710,1266,2,0,2,186746.79002204075
16219,1119,2,0,2,181871.68114875964
11084,1374,2,1,3,181564.09061917462
10936,1525,2,1,3,196307.64724134054
11950,1394,2,1,3,184195.70678157167
7875,1948,2,1,4,208406.23699818383
8740,1995,2,1,4,213693.63645041495
9487,1690,2,1,3,211431.43886466802
9649,1644,2,1,3,207029.64046102576
12191,2551,2,1,4,271044.1255542328
10557,3078,2,1,4,321643.55753260036
11002,2582,2,1,4,273182.8526404108
10790,2385,2,1,4,253637.3770844361
11762,2202,2,1,4,236376.9248772546
9044,2538,2,1,4,267352.82512146526
9910,1369,2,0,3,174459.03515727352
11830,1542,2,0,3,192952.33974839764
10612,1534,2,0,3,191231.59931008026
12291,1966,2,0,1,289372.15360504715
9965,1528,3,2,3,234832.798907411
8847,1538,2,0,3,190272.26428284938
8251,1506,2,0,3,186666.91821347288
9605,1977,2,1,3,239760.02807883458
8778,1830,2,1,3,224662.68282566674
8640,1338,2,0,3,170435.44909852938
9000,1335,2,0,3,170416.22209127437
8640,1792,2,1,3,220818.05596227144
10411,1588,3,0,3,229651.68063312987
12217,1880,2,1,3,232218.26260988202
10440,1584,2,0,2,223193.68535654072
11824,1685,2,0,2,234192.0054041808
10625,2443,2,1,4,259217.56474669467
7500,1100,1,1,3,118596.79082716345
7500,1143,1,1,3,122827.59236728065
12450,1094,1,0,3,116087.47897418473
7441,1486,2,0,3,184078.22685890974
11613,1820,2,1,3,225851.84388734985
8012,1266,1,1,2,162496.49782570594
6285,894,1,0,2,118858.16069521177
7476,1040,1,1,3,112674.95047148307
19522,2503,2,1,3,299115.0774538904
10751,1037,1,0,2,136351.2890091968
12712,1055,1,0,2,139625.45700065067
4379,1378,2,0,2,198279.35032377433
3523,1151,2,0,2,175288.51747297615
3784,1565,2,0,2,216222.34140337375
3606,1352,2,0,2,195128.67560201205
5330,1550,2,1,2,221644.7255617785
2280,1501,2,1,3,187311.3207695054
2117,1573,2,1,3,194270.51172949054
7321,1358,2,0,3,171392.23124097649
8010,2048,2,1,3,245523.17964786038
8413,2362,2,1,3,276726.7752775843
9466,1494,1,1,1,213218.48688961772
12000,2362,2,1,3,279476.26252223446
17778,2497,2,0,2,318649.1078890124
11700,1152,1,1,3,126932.46955624736
8000,2411,2,1,4,254056.96090776284
8723,1082,1,0,3,112049.9909080566
11700,1295,1,1,3,141002.34444547427
11358,1610,2,0,3,199281.11481690605
9547,1594,2,0,2,223493.09530938516
10530,2075,2,1,3,250111.34580464807
10738,1093,2,0,3,147937.86665813267
10800,1052,1,0,3,110690.31936530813
8050,1107,1,0,3,113993.89503690095
10899,1224,2,0,2,188124.85142109892
7450,1074,1,0,2,137461.48202944075
14357,1187,1,0,2,153873.95005159805
8243,964,1,0,3,100071.95743181603
8680,894,1,0,3,93519.5728914292
8800,1200,2,0,3,156980.17018485494
9200,1042,2,0,3,141741.04006350407
8800,2154,2,1,5,202209.36408792596
11382,1374,1,0,3,142818.24694514446
22002,1652,1,1,3,184024.46791439306
12172,908,1,0,2,124748.10138763188
5000,666,1,0,2,95440.10242233731
3500,670,1,0,2,94683.89371789213
5175,808,1,0,2,109545.72660255428
9600,1150,1,0,2,146587.18378981788
8668,1560,2,0,4,165125.26448436014
10050,1280,2,0,3,165809.5718961507
9600,1254,1,0,3,129645.43021978215
8760,936,1,0,2,124887.69470521364
6860,1008,1,0,3,103341.0602548107
8250,1053,1,0,3,108834.09831350294
9100,1144,1,0,3,118439.19232295826
9736,1721,1,0,4,148523.75886889733
9770,922,1,0,2,124284.40400620071
12198,1411,1,0,3,147084.17985560987
10050,1216,1,0,3,126251.51383864332
11556,1154,1,1,3,127018.87294594223
8078,1560,2,0,4,164673.02097325242
10950,948,1,0,2,127747.05009918481
7942,1040,1,0,3,107318.93233503192
8540,925,1,0,3,96462.37361006833
7150,1540,1,0,4,128732.82980239058
8400,925,1,0,3,96355.06159048344
9532,1647,1,0,3,168260.86550084228
15783,924,1,0,2,129090.23671435412
14190,1544,2,0,3,194958.09525981086
12099,1728,1,0,3,178198.15744415275
21281,3086,3,1,4,363911.8352148091
10284,1281,2,0,1,220436.10671145344
10800,1534,1,1,3,163827.86676680084
10090,1651,2,0,4,175168.80474526228
8700,888,1,0,3,92944.55877899473
8300,952,1,0,3,98934.95995218241
7200,1238,1,1,3,131944.757721253
7500,1040,1,0,3,106980.1329589139
7315,1170,1,0,3,119629.1231440194
7903,1242,1,1,3,132877.1802964187
8000,1377,1,0,3,140521.067358217
7000,925,1,0,3,95281.9413946345
6600,864,1,0,2,116147.89073454484
6760,936,1,0,3,96180.27600089104
6978,960,1,0,2,125883.14360256943
6000,1296,1,0,3,131018.3890942253
4480,1022,1,0,2,130068.61604385271
3153,967,1,0,2,123639.96105906268
7200,1072,1,0,2,137073.07195605696
9000,1174,1,0,2,148488.65273824037
5925,1141,1,0,3,115710.3368211847
9639,1798,2,1,4,194999.75842128886
10337,1772,2,1,3,220151.01627270348
9863,1642,1,1,4,146561.45211393634
4571,1232,1,0,3,123626.03303660353
8398,1650,2,0,3,200947.86145675505
3600,1358,1,1,3,140992.19380800173
13500,2454,2,0,3,283964.7677830413
8626,968,1,0,2,127933.48524389749
11800,1382,2,0,1,231535.60666327356
6854,1060,1,0,1,162801.55901601384
8674,1435,1,0,3,146744.3606235593
6125,1274,2,0,3,162210.6583746991
6000,1232,1,1,3,130434.59600957876
6120,884,1,0,2,117747.77848007575
6240,1409,1,1,3,148033.71929964854
6240,1322,1,0,4,106586.1217740295
6240,1426,1,0,3,143993.14791021348
6120,1281,1,0,2,156808.89967604144
7755,2264,2,1,4,239405.7270502979
8850,1376,1,0,3,141074.21388649128
8550,1316,1,0,4,107766.42569623368
5700,1344,1,1,3,141224.40383289978
5680,1173,2,0,3,151932.0953727034
5680,1214,1,0,2,149879.45418487108
13200,2294,3,0,5,246904.56750464116
9780,1952,1,1,4,176998.95879885124
10320,2180,1,1,3,227020.35367775877
4330,1315,2,0,3,164868.7850538706
10320,1484,2,0,3,186088.24042324835
12888,2267,1,1,3,237548.75653644148
4484,1282,1,0,2,155653.2728092405
11235,999,1,0,3,105809.04426541875
11235,1452,1,0,2,177554.43638999577
14299,1005,1,0,3,108747.98886642329
14149,1020,2,0,3,143369.92381902595
11677,1040,1,0,3,110181.86371467175
8425,868,1,0,2,117940.34249524087
8665,897,1,0,3,93803.2473755184
8398,943,1,0,2,125298.95161758184
8169,912,1,0,3,94898.91722278409
14175,1375,1,0,3,145057.51246935417
16779,2654,3,0,4,312242.97654379136
6960,1302,1,1,2,165232.19105564753
11375,1299,1,0,3,135433.57633233292
13770,1176,1,0,3,125167.3181622552
9000,998,1,0,3,103997.49379069736
11075,1522,2,0,3,190405.80668724285
17541,1325,2,0,3,175979.1144654675
22692,1630,2,0,3,209936.60398655073
17808,1242,1,0,2,161930.68167637603
12671,2422,3,0,4,286267.48511346575
10512,1626,1,1,3,172659.05809340716
5400,864,1,0,3,88053.68357070733
11515,943,1,0,3,100513.78722908707
3869,1038,2,0,2,164435.5785797419
9280,1342,1,0,4,110884.14029769484
11100,1480,1,0,4,125857.11777406995
7550,1362,2,0,4,144786.93612529492
23920,1822,2,0,4,202594.51467837623
9317,1958,2,1,3,237669.84798792913
9178,1651,2,0,3,201644.1334422191
10481,2140,2,1,3,256469.1842747147
10235,1651,2,0,3,202454.33919008507
11750,1546,2,0,3,193284.58152831352
8760,1500,2,0,3,186466.72965515996
7242,1270,2,0,2,189847.68190724688
9316,1795,2,1,3,221631.39191445464
8883,1873,2,1,3,228973.96838047265
20064,1743,0,1,0,239754.63815051015
14217,1022,1,0,3,110357.77715287221
10021,1308,2,1,3,174255.49737434255
8428,990,1,0,3,102771.92167132176
16561,1097,1,1,3,125247.00583710962
10820,1873,2,1,3,230458.70682287222
12352,1753,2,1,3,219826.11890396944
9543,1690,2,1,3,211474.363672502
8826,1842,2,1,3,225880.16431998907
11800,894,1,0,3,95911.09789932112
8660,1025,2,0,3,139654.479804328
9720,1009,2,0,3,138892.7333596132
8982,1040,1,1,3,113829.32119644625
16300,907,1,0,3,100639.49234993411
9675,879,1,0,3,92806.39374254108
7200,864,1,0,3,89433.40953679882
7200,875,1,0,3,90515.7076052009
11354,1673,2,0,3,205476.6649691428
8749,1932,2,1,3,234676.30872341615
8158,1729,2,1,3,214249.97979918995
11927,1592,2,0,3,197946.22832223633
12728,2439,2,1,4,260435.98164978056
15295,1992,2,1,3,245597.3561629014
17227,1341,1,1,1,204113.6231226109
8145,1476,2,1,3,189347.15953840938
8769,1190,2,0,2,183146.89075586002
8334,1330,2,0,3,169413.76981636503
8333,1491,2,1,3,190967.12525278982
9045,1536,2,1,3,195940.466530921
9825,936,1,0,2,125704.03256848444
8308,1088,1,0,2,139496.62167548639
16287,1351,1,0,3,144315.01333244852
8240,1179,1,0,2,148398.05544223503
6285,1044,1,0,3,106442.38086576655
9555,2233,2,1,5,210560.95042505552
7023,1408,2,1,3,181796.56047548438
39290,5095,2,1,2,596470.7056813118
3675,1072,1,0,2,134371.10860579443
6400,960,1,0,2,125440.09826456892
6882,1152,2,0,2,177961.6301620791
8741,1195,2,0,4,129268.60231317884
10042,865,1,0,2,118884.62412097312
8172,768,1,0,2,107907.34099645271
8172,864,1,0,3,90178.46155848821
10890,2592,2,0,6,214018.9167946505
7223,1422,1,0,3,144353.06865662022
6821,1298,2,0,2,192279.9198718173
4000,1098,1,0,2,137178.38486488507
6720,1436,1,0,3,145344.98216941554
7155,1461,1,0,3,148138.18428183178
7230,1718,2,1,4,185281.9664907153
13108,1226,1,1,2,162467.0259989522
7810,1755,2,0,4,183653.78813795387
6221,1355,2,0,3,170253.89317233622
25485,1560,1,1,3,177642.29017759912
21579,1488,2,0,3,195111.98927511502
1782,1045,1,0,2,130263.54699386195
17871,1680,2,0,4,183986.3847621474
3907,1020,1,0,1,156607.0116641079
20693,1696,2,0,3,214898.13006017602
18044,2726,2,1,2,347097.6925544687
7000,1215,1,0,3,123815.25410705278
7288,1601,2,0,3,195275.8845032682
9060,1828,2,0,3,218968.84456792183
3672,816,1,0,2,109180.78128879667
11067,845,1,0,1,144876.87659050757
8250,1991,2,0,4,207211.26758911967
6565,1073,1,0,3,109510.33617617816
6060,1001,1,0,2,129213.50343299776
5568,1625,2,0,2,223493.2471481214
12150,1299,2,0,2,196463.06597936482
10000,1392,2,0,3,176791.00832587332
12864,1409,1,1,1,207459.89056108487
9928,1478,2,0,3,185197.42236746405
8750,918,1,0,3,95934.60650500799
8410,1026,1,0,2,133474.58067045017
4054,1501,2,0,2,210132.29335485722
19958,2279,2,1,4,250235.36358833904
8368,1689,2,0,3,204762.10463013966
8298,1564,2,0,2,219583.9967870699
10331,1240,2,0,3,162089.33311010222
6718,1312,2,0,2,193578.4391548552
11305,1922,2,0,2,257112.7882546812
7777,1491,2,0,3,184827.72937336896
11800,2486,3,1,5,270435.68199786666
12633,1824,2,0,3,221314.0376766491
43500,2034,1,0,2,259549.43122400445
6710,936,0,1,0,150117.28258364683
1504,1092,1,1,3,113213.64446329881
1533,992,1,0,2,124857.97602685777
1495,1092,1,1,3,113206.74583346836
1890,1092,1,1,3,113509.51903158288
9129,1008,1,0,1,159429.0611927313
15957,1356,2,0,3,177815.06835353104
33983,1676,1,1,3,195569.45485136943
8286,1432,1,1,3,151864.99468473447
6723,796,1,0,2,109551.60213149979
27697,1608,1,0,3,178347.36143582937
11000,1178,1,1,3,128954.0685290914
11625,816,1,0,2,115276.87051564422
10447,887,1,0,3,94185.26874703799
11027,1293,2,0,2,195011.92587846227
10533,1024,1,0,2,134905.10932903033
11765,1797,1,1,3,190444.31609566964
39384,1390,1,1,1,225918.4291918353
11727,1851,2,0,3,223276.12541130933
8238,1525,2,1,3,194239.59132105453
13041,1671,2,1,3,212286.20719694227
9783,1776,2,1,3,220119.9302148819
13128,2064,2,1,4,223846.0623608615
13751,2212,2,1,3,266059.8192578066
13108,2687,2,1,4,285128.15903730306
8076,1169,2,0,3,153375.10100249192
3701,1204,2,0,2,180639.66591576222
16023,2798,3,1,3,358719.3609726446
18062,3390,3,1,5,364180.818406966
12292,2473,2,1,4,263447.06629891344
16052,2698,2,1,4,288467.0755746904
15922,2795,3,1,4,331172.3809620752
8147,1714,2,0,2,234226.86313246793
18261,2000,2,1,3,248657.96381717865
10464,1102,1,0,2,142526.6970459691
10530,1857,2,1,4,201487.77605047892
9927,1083,1,0,2,140245.65486308764
9512,2318,2,1,3,273239.98235771747
10530,1875,3,0,3,257981.03636172198
10000,1103,2,0,3,148356.08634694616
7200,874,1,0,3,90417.3168717098
8773,1419,2,0,2,205681.43478302378
2760,1092,1,1,3,114176.38658186044
2160,1365,1,1,3,140577.14816956627
1890,1030,1,1,3,107409.29355513482
1680,948,1,1,2,126354.67523259735
1680,1092,1,1,3,113348.55100220554
4043,1069,2,0,2,167619.06482802145
7514,1387,1,0,3,141132.44868228323
2280,1055,2,0,2,164890.22962680203
2179,1456,2,1,3,182806.3198054198
16387,2589,2,1,4,277999.2679567389
16163,1618,2,0,2,230925.73235298332
12228,1740,2,0,4,185564.3878679164
14780,1868,2,0,2,254463.32627514412
13975,2206,2,1,4,238466.78423508603
9942,2091,2,1,3,251234.88705824912
12867,2253,2,1,3,269416.2405787055
10672,2389,2,1,4,253940.49131617893
11643,2358,2,1,4,251634.66408521868
13758,1792,2,0,2,246202.25278685096
14828,1780,2,0,2,245841.73442035663
13215,1914,2,1,3,236328.52894533446
5911,1565,2,0,2,217852.71758663852
7740,1686,2,0,1,258334.3410766052
6373,1666,2,0,2,228144.31133386955
10237,1456,2,1,3,188982.89304695601
10237,1492,2,1,3,192524.9594526355
11660,1326,2,0,3,171569.6338619675
11631,2373,2,1,4,253101.32691447783
9073,1492,2,1,3,191632.7366612297
3087,1364,2,0,2,195911.5434170155
2938,1511,2,0,2,210260.7705907915
3072,1548,2,0,2,214003.94066299338
3010,1142,2,0,2,174009.7789712202
9171,1598,2,1,3,202137.27282499545
8658,1889,2,1,3,230375.75437056876
12104,2322,3,1,4,281707.0119438209
9660,1976,2,1,3,239703.79563875188
9545,2234,2,1,3,265000.4557205102
9233,2855,2,1,4,298687.5588645828
10019,2726,2,1,4,286597.63458275783
17242,3500,3,1,4,401549.64711509924
10236,2494,2,1,4,263937.31804317975
12585,2799,2,1,3,322921.4239968238
12447,1964,2,1,3,240659.3825410236
15218,1670,2,1,2,241030.90822110613
10936,1504,2,0,3,188528.22797924385
8640,1278,2,0,2,191706.39494217336
13162,2640,3,1,3,340980.6273093913
8125,1716,2,1,3,212945.60528776064
7733,1142,1,1,3,122907.79949495582
11024,1400,2,0,3,178363.044965623
13072,1131,1,1,3,125917.92194486623
7800,1686,2,1,3,209744.76609470564
7632,1585,2,1,3,199678.5275886029
8304,1837,2,1,3,224988.09012236705
9370,1731,2,1,3,215375.77675000712
7175,1398,2,0,2,202390.33932759173
7175,1217,2,0,2,184581.61656570307
9019,1320,2,1,3,174668.13872177812
9100,988,1,0,3,103090.23789834704
8927,1654,2,0,4,174572.52066875537
9240,1211,1,0,2,152313.07333955652
9308,984,1,0,3,102856.10996490877
8450,909,1,0,3,94819.13557590618
8638,925,1,0,2,123711.8818768876
13052,1024,1,1,3,115374.78317280668
8020,912,1,0,3,94784.70657336873
8789,941,1,0,3,98227.48743790186
14330,2646,2,0,3,303491.99558658525
11025,2826,2,1,3,324382.2112971375
3628,1143,1,1,1,174208.42821755243
2544,1223,2,1,2,187335.4465204502
2998,1524,2,1,2,217299.05485049586
4447,1080,2,1,2,174724.24858315222
8314,1694,2,1,3,210925.8803773961
7180,1568,2,0,3,191946.20674009644
13110,1193,2,0,2,186769.50207789062
10140,1334,2,0,3,171191.65780297457
9600,1051,1,0,3,109672.11132108937
8640,1770,1,1,4,158218.0188582802
9360,976,1,0,2,129283.23270022136
8400,898,1,0,3,93698.5117862238
9759,1051,1,0,3,109793.98711476079
9600,1141,1,0,3,118527.27733528813
8800,1565,2,0,3,192892.78790910554
10368,1488,1,1,3,158970.7587943484
9350,1440,1,1,4,126293.30204839855
10800,1248,1,0,3,129974.90312956326
8550,816,1,0,2,112919.83865690458
9724,1043,1,0,2,136154.42309504564
9600,1433,1,0,3,147257.37151468862
10858,1624,1,0,2,194188.66661201094
9600,1216,1,0,3,125906.58234712045
9462,1728,1,1,3,181890.0727626124
9888,936,1,0,2,125752.32297729765
8917,1584,2,0,4,167677.50418012246
12700,1246,1,0,3,131234.4990712332
9723,1008,1,0,2,132709.9809084316
8400,1364,1,1,3,145261.80745185894
9610,1336,1,1,3,143434.349369092
10000,1370,1,0,3,141365.36107499205
10152,1124,1,0,3,117277.75082887422
8092,1050,1,0,3,108417.81683378386
12778,1008,1,0,2,135051.68247865912
10170,1575,1,1,2,194553.37260491366
7700,1145,1,0,3,117464.46286060041
11050,1005,1,0,2,133431.973350738
13600,1056,1,1,3,118943.33654975412
15428,884,1,0,2,124882.49475361996
21299,2039,1,1,3,221562.82213424653
13300,1384,1,0,2,172446.71880147833
22136,2640,2,1,5,260249.49694448613
7500,1312,1,1,3,139455.62632727614
10410,713,1,0,2,104211.30993894942
10914,715,1,0,2,104794.41467643726
7008,720,1,0,1,129466.75285058406
7200,1595,2,0,3,194618.08683286828
10818,1760,1,1,4,158903.57994233991
10184,1146,1,0,3,119466.87542729777
9510,1207,1,1,3,130665.2933061797
10800,1773,2,0,3,214891.08932646658
11650,1472,2,0,2,213101.4056605215
18275,2448,3,0,3,320295.58087844227
12144,1521,1,1,3,163578.98261943157
8544,1040,2,0,2,168215.81498643395
8512,1556,2,0,4,164612.12530000115
7000,1150,1,0,3,117419.85643013143
7400,1045,1,0,3,107395.43518380875
7000,864,1,0,3,89280.10665167755
7000,1025,1,0,3,105121.01474374424
9856,2014,2,0,5,183530.88677382897
9600,1668,1,0,3,170379.19388509652
5520,1657,1,0,4,138995.12710711057
9600,1416,1,0,3,145584.72904533998
6451,1428,1,0,4,117177.2740678888
3960,1004,1,0,2,127898.99533969765
7745,1951,2,0,4,202888.54846454458
7741,1032,1,0,2,133552.12692066608
5633,844,1,0,2,113438.85661516152
7200,864,1,0,2,116607.79938990867
7614,1376,1,0,2,167301.19190955162
6000,960,1,0,3,97959.10264121654
6000,1566,1,1,5,108948.32128938561
7830,492,1,0,1,107663.74047246226
9576,1182,1,1,3,128256.11492099232
5747,840,1,0,2,113132.67632571627
6300,2104,2,0,5,189660.32749057142
5976,1248,2,0,2,186712.67850762504
9750,960,1,0,3,100833.53173724045
4761,1020,1,0,2,130087.22513046591
11737,1827,1,0,2,214835.75169081177
6120,1162,1,0,3,117926.01253749098
6120,1324,1,0,3,133865.3113630488
11672,816,1,0,2,115312.89669364774
33120,2486,2,0,5,247803.5045789339
10320,1430,2,0,3,180775.14081472906
7518,1330,1,0,3,135527.2429309931
9000,819,1,0,2,113559.94234890076
7200,984,1,0,3,101240.29755573053
12375,1422,1,0,3,148302.15097734428
11136,1921,2,0,4,202536.0768770429
21370,1640,1,0,3,176646.1281367329
8250,1032,1,0,2,133942.28276329977
5220,879,1,0,2,116565.96182957449
5500,1073,2,0,2,169129.43928009435
11327,1064,1,0,3,112274.96126949586
10366,934,1,0,2,125921.9354057553
9000,1059,1,0,3,109999.32853365433
9535,1458,1,1,3,155380.5302730854
7176,1040,1,0,3,106731.78228501744
9662,1967,2,0,6,151583.4286480699
8235,1949,2,0,6,148718.57935988985
17529,872,1,0,2,125312.25275992579
20355,1830,1,0,2,221736.74521116083
13050,1000,1,0,1,161647.43838760513
10820,810,1,0,2,114069.4820020845
1700,1700,2,1,2,233620.8882204919
9375,1350,1,1,3,144631.6887479498
6488,1150,1,0,3,117027.40104422097
19950,2009,2,0,4,217950.5195715542
19800,3672,3,1,5,393259.2073231594
11679,1560,2,0,3,194607.62927297084
12048,1488,1,0,3,154545.28917058342
10519,1057,1,0,3,110966.88247916821
9525,1609,1,1,5,115881.08617976532
12128,2559,2,1,4,271782.9610133484
9069,1440,2,0,2,207974.52845631627
11003,1876,2,1,3,230894.15116323144
7488,1208,2,0,2,183936.01897949798
13377,1846,2,0,3,224048.9205461044
11645,1590,2,1,2,230420.8934991267
10984,1809,2,1,3,224287.4082452414
9316,1614,2,0,3,198109.45529378217
9316,1596,2,1,3,202051.63594972616
12000,1388,2,0,3,177930.4742431217
13015,1100,1,1,3,122824.11788438265
12438,1499,2,1,3,194900.79283783285
8685,1425,2,0,3,179029.93606140715
9272,1749,2,1,3,217071.6915391374
13426,1779,2,1,3,223207.51446783927
8340,1388,1,1,3,147577.19419010892
10385,1282,2,0,3,166263.13569571104
7200,864,1,0,3,89433.40953679882
9930,1762,2,1,3,218855.13756657072
9468,1755,2,1,3,217812.27276750287
11088,1358,1,1,1,201080.63353316198
8726,1909,2,1,4,205221.30216822206
10566,2214,2,1,3,263815.2522792325
21533,2049,2,1,4,228812.75510571667
11250,1939,2,1,3,237282.09643629534
11250,1995,2,1,4,215617.58765868694
4435,848,1,0,1,140088.52512035932
8810,1390,2,0,3,175682.07469241953
8581,1737,2,1,3,215361.34126915023
8400,1611,2,1,3,202825.3697382372
8772,1336,2,0,3,170339.84753572725
8777,1436,2,0,3,180182.753456965
7840,1012,2,0,4,110572.46858683665
16133,1176,1,0,2,154152.9816030729
7162,1724,2,1,3,212994.57776383052
8050,914,1,0,2,122178.87332622896
11060,2314,2,1,3,274032.9837545917
3675,1072,1,0,2,134371.10860579443
2522,1709,2,0,3,202248.87596786674
6956,936,1,0,3,96330.51282830989
7822,1338,2,0,3,169808.44029838336
8707,1669,1,1,4,148331.911242195
16012,1482,2,0,3,190254.4590668177
8248,1414,1,0,3,144351.62007493793
8088,498,1,0,1,108451.84559521529
11388,1273,1,0,3,132885.38194909724
10890,1551,2,0,3,193117.3327897475
6430,1340,1,0,3,135677.1825708443
7000,1479,1,0,3,149790.40774870254
4899,1510,1,0,3,151230.07367872755
9399,1636,1,1,4,145615.4450195084
10164,1465,2,0,3,184099.2402365229
6191,1288,1,0,4,103203.27762847747
21780,1550,1,1,3,173818.44689581648
12400,1717,1,1,2,210234.1839297517
8170,1671,2,0,4,175664.91171792
12320,1609,1,1,3,172372.27370555484
14210,1801,1,1,3,192712.00680024162
15600,2315,2,0,4,244723.74626844222
7288,976,1,0,2,127695.01481036493
7000,1285,1,0,3,130702.6054514296
8534,672,1,0,2,98739.30880337686
7030,641,1,0,2,94536.35836904084
9060,1638,2,0,4,173100.21535150343
12366,729,1,0,2,107284.86389129309
9000,1396,2,0,4,149243.6669811215
8520,936,1,0,2,124703.7312430681
5748,1778,2,0,2,238685.0019688685
3842,1646,2,0,2,224236.44865283786
23580,1625,2,0,3,210125.31512903373
8385,1664,2,0,4,175140.97718498769
9116,1491,2,0,3,185854.09218925593
11080,1210,2,0,3,159711.7304101485
50102,1650,1,0,2,226827.91780127634
8098,1403,2,0,2,203589.7858098819
13618,1960,2,0,3,235450.19414066063
11577,1838,2,0,3,221882.06871208415
31250,1600,1,1,3,185996.87518086383
7020,1368,2,0,2,199319.80758688983
2665,1304,1,1,3,134962.4032115405
10172,874,1,0,3,92695.39774461195
11836,1652,2,0,4,176605.52966586215
1470,630,1,0,1,116366.62994737712
1484,1092,1,1,3,113198.31417478669
13384,1360,1,0,3,142975.33855633307
1533,1092,1,1,3,113235.8733816414
1526,1092,1,1,3,113230.50778066216
1936,1092,1,1,3,113544.77869516078
1894,1092,1,1,3,113512.5850892853
20000,1224,1,0,4,107491.06838824578
10441,970,1,0,3,102347.10054024545
9627,2000,2,1,3,242039.8782664932
